Job Title,Company,Location,Salary,Link
"Looking For Trainee Software Developers (Java) - Mumbai, Pune",C2L BIZ SOLUTIONS PRIVATE LIMITED.,"Pune, Mumbai (All Areas)",Not disclosed,"=HYPERLINK(""https://www.naukri.com/job-listings-looking-for-trainee-software-developers-java-mumbai-pune-c2l-biz-solutions-private-limited-pune-mumbai-all-areas-0-to-0-years-221021001278?src=jobsearchDesk&sid=16349679409808475&xp=1&px=1"")"
Java Software Developer,Future Focus Infotech Pvt. Ltd.,"Mumbai, Pune, Bangalore/Bengaluru",Not disclosed,"=HYPERLINK(""https://www.naukri.com/job-listings-java-software-developer-future-focus-infotech-pvt-ltd-mumbai-pune-bangalore-bengaluru-4-to-9-years-211021004264?src=jobsearchDesk&sid=16349679409808475&xp=2&px=1"")"
Java developer | Cybage Software | Pune & PWFH,Cybage,Pune(Kalyani Nagar),Not disclosed,"=HYPERLINK(""https://www.naukri.com/job-listings-java-developer-cybage-software-pune-pwfh-cybage-software-pvt-ltd-pune-3-to-8-years-211021008781?src=jobsearchDesk&sid=16349679409808475&xp=3&px=1"")"
Senior Software Developer ( Java Full Stack developer ),Christiansen Tech Solutions,Pune,Not disclosed,"=HYPERLINK(""https://www.naukri.com/job-listings-senior-software-developer-java-full-stack-developer-christiansen-tech-solutions-pune-5-to-8-years-131021006968?src=jobsearchDesk&sid=16349679409808475&xp=4&px=1"")"
Senior Software Developer (Java + MVC + Restful API),Oracle India Pvt. Ltd.,Pune,"25,00,000 - 40,00,000 PA.","=HYPERLINK(""https://www.naukri.com/job-listings-senior-software-developer-java-mvc-restful-api-oracle-india-pvt-ltd-pune-10-to-16-years-131021003694?src=jobsearchDesk&sid=16349679409808475&xp=5&px=1"")"
BSC Global : FULL Stack JAVA Developer : Freshers Can ALSO Apply,Bindroo Software and Consultants Pvt.Ltd,"Pune, Bangalore/Bengaluru, Mumbai (All Areas)",Not disclosed,"=HYPERLINK(""https://www.naukri.com/job-listings-bsc-global-full-stack-java-developer-freshers-can-also-apply-bindroo-software-and-consultants-pvt-ltd-pune-bangalore-bengaluru-mumbai-all-areas-0-to-5-years-211021008345?src=jobsearchDesk&sid=16349679409808475&xp=6&px=1"")"
Java Developer,RANDSTAD INDIA PVT LTD,"Hyderabad/Secunderabad, Pune, Ahmedabad, Chennai, Bangalore/Bengaluru",Not disclosed,"=HYPERLINK(""https://www.naukri.com/job-listings-java-developer-randstad-india-pvt-ltd-hyderabad-secunderabad-pune-ahmedabad-chennai-bangalore-bengaluru-4-to-9-years-211021000575?src=jobsearchDesk&sid=16349679409808475&xp=7&px=1"")"
Hiring For senior java developer,L&T Infotech,Pune,Not disclosed,"=HYPERLINK(""https://www.naukri.com/job-listings-hiring-for-senior-java-developer-larsen-toubro-infotech-limited-pune-8-to-12-years-211021008144?src=jobsearchDesk&sid=16349679409808475&xp=9&px=1"")"
Java Full Stack Development Application Developer,Accenture,Pune,Not disclosed,"=HYPERLINK(""https://www.naukri.com/job-listings-java-full-stack-development-application-developer-accenture-solutions-pvt-ltd-pune-6-to-8-years-211021906094?src=jobsearchDesk&sid=16349679409808475&xp=11&px=1"")"
Senior Software Developer - Java Full Stack Technologies,Altimax Business Solutions,"Mumbai, Hyderabad/Secunderabad, Pune, Bangalore/Bengaluru",Not disclosed,"=HYPERLINK(""https://www.naukri.com/job-listings-senior-software-developer-java-full-stack-technologies-altimax-business-solutions-mumbai-hyderabad-secunderabad-pune-bangalore-bengaluru-4-to-8-years-020921908793?src=jobsearchDesk&sid=16349679409808475&xp=12&px=1"")"
Immediate Joining For Sr. Java Developer/Java Developer,Birlasoft,"Noida, Hyderabad/Secunderabad, Pune, Chennai, Bangalore/Bengaluru, Mumbai (All Areas)",Not disclosed,"=HYPERLINK(""https://www.naukri.com/job-listings-immediate-joining-for-sr-java-developer-java-developer-birlasoft-limited-noida-hyderabad-secunderabad-pune-chennai-bangalore-bengaluru-mumbai-all-areas-4-to-8-years-090921000344?src=jobsearchDesk&sid=16349679409808475&xp=13&px=1"")"
Full Stack Java Developer,Sourcehov India Private Limited,Remote,Not disclosed,"=HYPERLINK(""https://www.naukri.com/job-listings-full-stack-java-developer-sourcehov-india-private-limited-pune-3-to-8-years-041021001408?src=jobsearchDesk&sid=16349679409808475&xp=14&px=1"")"
Java Developer,Leuwint Technologies Pvt Ltd,"Pune, Bangalore/Bengaluru, India",Not disclosed,"=HYPERLINK(""https://www.naukri.com/job-listings-java-developer-leuwint-technologies-pvt-ltd-pune-bangalore-bengaluru-india-3-to-8-years-240620901158?src=jobsearchDesk&sid=16349679409808475&xp=15&px=1"")"
Hiring Java Lead Developer full stack (Cloud),Stantec Resource Net (India) Private Limited,Pune,Not disclosed,"=HYPERLINK(""https://www.naukri.com/job-listings-hiring-java-lead-developer-full-stack-cloud-stantec-resource-net-india-private-limited-pune-10-to-15-years-221021002311?src=jobsearchDesk&sid=16349679409808475&xp=16&px=1"")"
Application Developer: Java Full Stack,IBM India Pvt. Limited,Pune,Not disclosed,"=HYPERLINK(""https://www.naukri.com/job-listings-application-developer-java-full-stack-ibm-india-pvt-limited-pune-3-to-7-years-211021906136?src=jobsearchDesk&sid=16349679409808475&xp=17&px=1"")"
Java / Sr Java Developer,Codevian Technologies Pvt Ltd.,"Nasik/Nashik, Pune",Not disclosed,"=HYPERLINK(""https://www.naukri.com/job-listings-java-sr-java-developer-codevian-technologies-pvt-ltd-nasik-nashik-pune-2-to-7-years-221021500970?src=jobsearchDesk&sid=16349679409808475&xp=18&px=1"")"
Java Developer,Virtusa Consulting Services,"Pune, Chennai",Not disclosed,"=HYPERLINK(""https://www.naukri.com/job-listings-java-developer-virtusa-consulting-services-pvt-ltd-pune-chennai-4-to-9-years-221021001505?src=jobsearchDesk&sid=16349679409808475&xp=20&px=1"")"
